[{"id":"p7","title":"Northern Lights","image":{"src":"northern-lights.jpg","alt":"Dazzling display of the Northern Lights in a starry sky."},"lat":64.9631,"lon":-19.0208},{"id":"p18","title":"Amazon River","image":{"src":"amazon-river.jpg","alt":"Navigating the waters of the Amazon River, surrounded by dense rainforest."},"lat":-3.4653,"lon":-58.38},{"id":"p4","title":"Caribbean Beach","image":{"src":"caribbean-beach.jpg","alt":"Pristine white sand and turquoise waters of a Caribbean beach."},"lat":18.2208,"lon":-66.5901},{"id":"p1","title":"Forest Waterfall","image":{"src":"forest-waterfall.jpg","alt":"A tranquil forest with a cascading waterfall amidst greenery."},"lat":44.5588,"lon":-80.344},{"id":"p11","title":"Grand Canyon","image":{"src":"grand-canyon.jpg","alt":"Expansive view of the deep gorges and ridges of the Grand Canyon."},"lat":36.1069,"lon":-112.1129}]